row_id,order_id,order_date,ship_date,ship_mode,customer_id,customer_name,segment,country,city,state,postal_code,region,product_id,category,sub_category,product_name,sales,quantity,discount,profit
1,US-2024-100001,2024-05-12,2024-05-12,Same Day,JAMIL-14393,James Miller,Corporate,United States,Miami,Florida,59672,South,FUR-FU-8633773,Furniture,Furnishings,Tenex Furnishing,1836.28,5,0.5,-456.43
2,US-2024-100002,2024-05-13,2024-05-17,Second Class,DAROD-14562,Daniel Rodriguez,Consumer,United States,Albany,New York,81066,East,FUR-TA-1841248,Furniture,Tables,Bretford Table,4075.91,10,0,659.34
3,US-2023-100001,2023-03-24,2023-03-28,Second Class,MIJAC-10566,Michael Jackson,Home Office,United States,Spokane,Washington,25713,West,TEC-AC-2375453,Technology,Accessories,Logitech Accessorie,3561.15,7,0.15,850.13
4,US-2023-100002,2023-11-18,2023-11-23,Second Class,KADAV-11133,Karen Davis,Home Office,United States,Jersey City,New Jersey,51441,East,FUR-BO-2677407,Furniture,Bookcases,Sauder Bookcase,906.45,2,0.2,-12.93
5,US-2023-100003,2023-09-08,2023-09-11,First Class,SAMOO-14392,Sarah Moore,Consumer,United States,Montgomery,Alabama,90173,South,TEC-PH-6022741,Technology,Phones,Nokia Phone,434.74,2,0,98.81
6,US-2023-100004,2023-06-09,2023-06-12,First Class,MIJAC-10566,Michael Jackson,Home Office,United States,Newark,New Jersey,93130,East,OFF-SU-1852264,Office Supplies,Supplies,Staple Supplie,200.07,2,0.2,3.73
7,US-2024-100003,2024-10-14,2024-10-16,First Class,SADAV-10552,Sarah Davis,Consumer,United States,Montgomery,Alabama,83519,South,FUR-BO-3500715,Furniture,Bookcases,Bush Bookcase,693.19,9,0.3,77.48
8,US-2023-100005,2023-11-12,2023-11-14,First Class,MADAV-10617,Mark Davis,Corporate,United States,Chicago,Illinois,97416,Central,FUR-TA-7817881,Furniture,Tables,Chromcraft Table,6121.08,10,0,961.86
9,US-2023-100006,2023-07-01,2023-07-01,Same Day,DAWIL-14522,Daniel Williams,Corporate,United States,Detroit,Michigan,44970,Central,FUR-BO-1649691,Furniture,Bookcases,Sauder Bookcase,1734.6,8,0.15,93.39
10,US-2023-100007,2023-08-22,2023-08-26,Second Class,JAMAR-13268,James Martinez,Home Office,United States,Worcester,Massachusetts,46517,East,FUR-TA-9546409,Furniture,Tables,Lesro Table,3917.47,7,0,1627.31
11,US-2023-100008,2023-09-25,2023-10-01,Second Class,JAROD-10584,James Rodriguez,Home Office,United States,San Diego,California,66959,West,OFF-EN-9580255,Office Supplies,Envelopes,Kraft Envelope,140.92,2,0.3,21.07
12,US-2024-100004,2024-07-05,2024-07-10,Second Class,DAGAR-13458,David Garcia,Home Office,United States,Eugene,Oregon,96951,West,FUR-TA-6188935,Furniture,Tables,Chromcraft Table,2062.46,7,0.1,461.71
13,US-2024-100005,2024-01-24,2024-01-30,Second Class,EMAND-12519,Emily Anderson,Consumer,United States,Detroit,Michigan,49829,Central,OFF-BI-6406444,Office Supplies,Binders,Wilson Jones Binder,656.39,8,0,165.64
14,US-2023-100009,2023-10-18,2023-10-20,First Class,SUAND-13469,Susan Anderson,Corporate,United States,Newark,New Jersey,36100,East,FUR-BO-5107776,Furniture,Bookcases,Bush Bookcase,4067.64,8,0.1,547.08
15,US-2024-100006,2024-01-29,2024-01-30,Same Day,KAGAR-13032,Karen Garcia,Corporate,United States,New York City,New York,65724,East,FUR-CH-9689889,Furniture,Chairs,Bevis Chair,701.31,8,0.4,7.01
16,US-2024-100007,2024-04-20,2024-04-23,First Class,DAJON-13893,David Jones,Home Office,United States,Montgomery,Alabama,30861,South,TEC-CO-5348512,Technology,Copiers,HP Copier,4710.51,4,0.4,-650.17
17,US-2023-100010,2023-10-09,2023-10-09,Same Day,WISMI-14819,William Smith,Home Office,United States,Springfield,Illinois,54020,Central,OFF-PA-3530518,Office Supplies,Paper,Xerox Paper,83.51,4,0.3,2.31
18,US-2024-100008,2024-07-09,2024-07-10,Same Day,MIMIL-11905,Michael Miller,Home Office,United States,Worcester,Massachusetts,86556,East,TEC-PH-7381734,Technology,Phones,Nokia Phone,9140.31,8,0.3,-104.8
19,US-2024-100009,2024-07-13,2024-07-18,Second Class,EMTAY-12277,Emily Taylor,Corporate,United States,Ann Arbor,Michigan,13804,Central,OFF-EN-3768991,Office Supplies,Envelopes,Kraft Envelope,941.96,8,0.3,-25.97
20,US-2024-100010,2024-11-09,2024-11-15,Standard Class,SUMIL-14417,Susan Miller,Home Office,United States,Savannah,Georgia,33819,South,FUR-TA-6492066,Furniture,Tables,Lesro Table,1564.1,4,0.15,116.36
21,US-2024-100011,2024-03-07,2024-03-09,First Class,EMROD-12786,Emily Rodriguez,Consumer,United States,Phoenix,Arizona,55870,West,FUR-BO-1675419,Furniture,Bookcases,O'Sullivan Bookcase,762.21,1,0,288.45
22,US-2024-100012,2024-04-29,2024-05-07,Standard Class,ANMAR-10653,Anna Martinez,Consumer,United States,Raleigh,North Carolina,31992,South,TEC-PH-6218367,Technology,Phones,Apple Phone,1769.81,2,0.3,54.87
23,US-2023-100011,2023-07-23,2023-07-31,Standard Class,EMDAV-11840,Emily Davis,Consumer,United States,Albany,New York,49529,East,TEC-PH-1689025,Technology,Phones,Nokia Phone,899.92,6,0.2,221.56
24,US-2024-100013,2024-03-06,2024-03-06,Same Day,DAGAR-13458,David Garcia,Home Office,United States,Detroit,Michigan,67080,Central,FUR-TA-9111742,Furniture,Tables,Chromcraft Table,3013.45,8,0.1,303.7
25,US-2023-100012,2023-03-30,2023-04-02,First Class,KAGAR-13032,Karen Garcia,Corporate,United States,Montgomery,Alabama,54092,South,FUR-FU-4050766,Furniture,Furnishings,Tenex Furnishing,1672.72,8,0.15,222.91
26,US-2024-100014,2024-06-13,2024-06-17,Second Class,KAGAR-13032,Karen Garcia,Corporate,United States,Nashville,Tennessee,72402,South,TEC-CO-1289293,Technology,Copiers,HP Copier,805.58,2,0.2,87.02
27,US-2024-100015,2024-06-27,2024-06-30,First Class,SADAV-10552,Sarah Davis,Consumer,United States,Cleveland,Ohio,45509,Central,OFF-AR-3024269,Office Supplies,Art,Newell Art,359.67,4,0,141.18
28,US-2024-100016,2024-05-10,2024-05-14,First Class,SADAV-14647,Sarah Davis,Consumer,United States,Houston,Texas,48829,Central,FUR-TA-6071208,Furniture,Tables,Bretford Table,581.01,1,0,165.0
29,US-2024-100017,2024-12-15,2024-12-21,Second Class,JAMIL-14393,James Miller,Corporate,United States,Miami,Florida,85243,South,OFF-SU-8389840,Office Supplies,Supplies,Staple Supplie,54.07,6,0.4,0.85
30,US-2023-100013,2023-03-08,2023-03-09,Same Day,JOMIL-14464,John Miller,Corporate,United States,Seattle,Washington,83772,West,OFF-PA-2987287,Office Supplies,Paper,Xerox Paper,665.45,9,0.1,78.05
31,US-2024-100018,2024-01-25,2024-01-26,Same Day,WIJOH-11876,William Johnson,Consumer,United States,Charlotte,North Carolina,89905,South,TEC-PH-4540415,Technology,Phones,Apple Phone,1510.15,5,0,608.65
32,US-2024-100019,2024-02-23,2024-02-25,Same Day,MIJAC-10566,Michael Jackson,Home Office,United States,Charlotte,North Carolina,40340,South,OFF-AR-2194198,Office Supplies,Art,Bostitch Art,380.7,4,0.1,84.69
33,US-2024-100020,2024-07-11,2024-07-17,Second Class,KAAND-14945,Karen Anderson,Corporate,United States,Chicago,Illinois,17816,Central,FUR-TA-5842082,Furniture,Tables,Chromcraft Table,1146.12,8,0.15,171.76
34,US-2024-100021,2024-05-20,2024-05-20,Same Day,MIJAC-10566,Michael Jackson,Home Office,United States,Reno,Nevada,89129,West,OFF-LA-4840714,Office Supplies,Labels,Avery Label,54.27,10,0.15,6.9
35,US-2023-100014,2023-06-29,2023-07-01,Same Day,SUMIL-14417,Susan Miller,Home Office,United States,Charlotte,North Carolina,86720,South,OFF-SU-8885465,Office Supplies,Supplies,Stanley Supplie,243.38,6,0,85.44
36,US-2024-100022,2024-12-11,2024-12-12,Same Day,JAMAR-13268,James Martinez,Home Office,United States,Birmingham,Alabama,69614,South,FUR-TA-6423634,Furniture,Tables,Lesro Table,1555.28,2,0,393.02
37,US-2024-100023,2024-07-09,2024-07-10,Same Day,MIMIL-11905,Michael Miller,Home Office,United States,Norfolk,Virginia,91609,East,OFF-SU-4415140,Office Supplies,Supplies,Stanley Supplie,557.69,5,0.4,7.57
38,US-2024-100024,2024-10-07,2024-10-13,Second Class,SAMOO-14392,Sarah Moore,Consumer,United States,Minneapolis,Minnesota,82384,Central,OFF-PA-2903561,Office Supplies,Paper,Xerox Paper,630.26,8,0.15,92.86
39,US-2023-100015,2023-10-07,2023-10-08,Same Day,EMROD-12786,Emily Rodriguez,Consumer,United States,Boston,Massachusetts,60277,East,FUR-CH-5634662,Furniture,Chairs,Hon Chair,2134.35,7,0,779.35
40,US-2023-100016,2023-11-02,2023-11-02,Same Day,MITAY-13126,Michael Taylor,Home Office,United States,Raleigh,North Carolina,82340,South,TEC-CO-6398528,Technology,Copiers,HP Copier,2421.23,4,0.3,331.48
41,US-2024-100025,2024-04-29,2024-04-30,Same Day,JAMAR-13268,James Martinez,Home Office,United States,Boston,Massachusetts,26547,East,TEC-MA-8387112,Technology,Machines,Canon Machine,2195.09,2,0.3,-244.27
42,US-2023-100017,2023-06-08,2023-06-15,Standard Class,DAJAC-11990,David Jackson,Corporate,United States,Cleveland,Ohio,95175,Central,FUR-TA-9952696,Furniture,Tables,Chromcraft Table,5359.23,7,0.4,-1134.63
43,US-2023-100018,2023-02-06,2023-02-12,Standard Class,LAROD-14322,Laura Rodriguez,Home Office,United States,Chicago,Illinois,66881,Central,FUR-BO-3791137,Furniture,Bookcases,Sauder Bookcase,3637.84,5,0.15,700.14
44,US-2024-100026,2024-03-17,2024-03-21,Second Class,EMMAR-14158,Emily Martinez,Home Office,United States,Birmingham,Alabama,32280,South,FUR-BO-7418028,Furniture,Bookcases,O'Sullivan Bookcase,5623.51,10,0.1,1190.24
45,US-2023-100019,2023-09-18,2023-09-19,Same Day,JAMAR-13268,James Martinez,Home Office,United States,Reno,Nevada,98815,West,TEC-AC-8410995,Technology,Accessories,Logitech Accessorie,8669.65,6,0.15,1412.71
46,US-2023-100020,2023-11-06,2023-11-11,Second Class,DAWIL-10895,Daniel Wilson,Consumer,United States,Miami,Florida,59986,South,TEC-MA-5953150,Technology,Machines,Brother Machine,448.0,1,0,79.21
47,US-2024-100027,2024-05-23,2024-05-25,First Class,MIJAC-10566,Michael Jackson,Home Office,United States,Chicago,Illinois,91381,Central,OFF-ST-1661401,Office Supplies,Storage,Iris Storage,34.52,5,0,14.6
48,US-2023-100021,2023-10-30,2023-11-03,First Class,NAWIL-10385,Nancy Williams,Consumer,United States,Philadelphia,Pennsylvania,80701,East,OFF-AR-5311242,Office Supplies,Art,Newell Art,300.25,8,0,92.93
49,US-2023-100022,2023-03-19,2023-03-23,Second Class,JAMIL-14393,James Miller,Corporate,United States,Montgomery,Alabama,21836,South,OFF-LA-3073474,Office Supplies,Labels,Smead Label,725.07,8,0.3,-70.13
50,US-2024-100028,2024-01-16,2024-01-24,Standard Class,EMTAY-12277,Emily Taylor,Corporate,United States,Tampa,Florida,83584,South,OFF-BI-8789116,Office Supplies,Binders,GBC Binder,83.26,5,0,29.86
51,US-2024-100029,2024-05-19,2024-05-25,Standard Class,KAGAR-13032,Karen Garcia,Corporate,United States,Worcester,Massachusetts,58629,East,TEC-CO-7960607,Technology,Copiers,Canon Copier,2823.25,2,0.15,819.27
52,US-2024-100030,2024-01-15,2024-01-20,Second Class,MITAY-13126,Michael Taylor,Home Office,United States,Newark,New Jersey,99873,East,OFF-EN-7679674,Office Supplies,Envelopes,Poly Envelope,86.46,5,0.4,1.95
53,US-2023-100023,2023-08-06,2023-08-12,Standard Class,DAJAC-11990,David Jackson,Corporate,United States,Chicago,Illinois,84000,Central,FUR-BO-4475523,Furniture,Bookcases,O'Sullivan Bookcase,2119.64,10,0,452.35
54,US-2024-100031,2024-09-02,2024-09-09,Standard Class,DAWIL-10895,Daniel Wilson,Consumer,United States,Pittsburgh,Pennsylvania,32871,East,FUR-BO-1249314,Furniture,Bookcases,Bush Bookcase,3854.93,6,0,1427.83
55,US-2023-100024,2023-05-10,2023-05-12,Same Day,ROJON-11763,Robert Jones,Corporate,United States,Reno,Nevada,57453,West,TEC-PH-9453010,Technology,Phones,Samsung Phone,4742.72,4,0.5,-666.3
56,US-2024-100032,2024-10-20,2024-10-26,Standard Class,EMROD-12786,Emily Rodriguez,Consumer,United States,Nashville,Tennessee,74260,South,TEC-CO-2355439,Technology,Copiers,Canon Copier,2692.64,6,0.5,-709.9
57,US-2024-100033,2024-01-26,2024-01-29,First Class,JOROD-14100,John Rodriguez,Consumer,United States,Tampa,Florida,24996,South,TEC-AC-8575834,Technology,Accessories,Belkin Accessorie,2512.64,4,0,895.09
58,US-2023-100025,2023-11-17,2023-11-20,First Class,KAAND-14945,Karen Anderson,Corporate,United States,Miami,Florida,21188,South,FUR-FU-7251976,Furniture,Furnishings,Eldon Furnishing,1401.83,3,0.2,68.68
59,US-2024-100034,2024-02-25,2024-02-29,First Class,WIWIL-14211,William Williams,Consumer,United States,Orlando,Florida,88696,South,OFF-EN-9512969,Office Supplies,Envelopes,Poly Envelope,237.66,4,0.2,-0.86
60,US-2024-100035,2024-01-12,2024-01-19,Standard Class,EMAND-12519,Emily Anderson,Consumer,United States,Boston,Massachusetts,89822,East,TEC-MA-4026879,Technology,Machines,Canon Machine,2713.73,5,0,1073.49
61,US-2023-100026,2023-05-27,2023-05-27,Same Day,KAAND-14945,Karen Anderson,Corporate,United States,San Diego,California,79531,West,FUR-FU-8610913,Furniture,Furnishings,Tenex Furnishing,1008.34,6,0,186.54
62,US-2023-100027,2023-06-09,2023-06-15,Second Class,MIMIL-11905,Michael Miller,Home Office,United States,Eugene,Oregon,96761,West,OFF-SU-7948850,Office Supplies,Supplies,Staple Supplie,314.72,5,0,114.88
63,US-2024-100036,2024-11-25,2024-11-27,Same Day,JAMAR-13268,James Martinez,Home Office,United States,Houston,Texas,61807,Central,TEC-PH-4429650,Technology,Phones,Apple Phone,5790.17,5,0.15,1167.09
64,US-2023-100028,2023-01-08,2023-01-10,Same Day,DAGAR-13458,David Garcia,Home Office,United States,Pittsburgh,Pennsylvania,79806,East,TEC-AC-2209226,Technology,Accessories,Belkin Accessorie,540.23,7,0,103.38
65,US-2024-100037,2024-08-12,2024-08-14,Same Day,KADAV-11133,Karen Davis,Home Office,United States,Charlotte,North Carolina,63088,South,FUR-TA-8719145,Furniture,Tables,Bretford Table,696.58,6,0.3,-5.01
66,US-2024-100038,2024-02-10,2024-02-14,First Class,JAWIL-11741,James Wilson,Home Office,United States,Newark,New Jersey,20011,East,TEC-PH-9555575,Technology,Phones,Nokia Phone,4418.8,4,0,1675.25
67,US-2023-100029,2023-05-30,2023-06-01,First Class,DAWIL-14522,Daniel Williams,Corporate,United States,New York City,New York,92306,East,OFF-SU-6422534,Office Supplies,Supplies,Staple Supplie,65.94,6,0.15,4.03
68,US-2024-100039,2024-08-28,2024-09-04,Standard Class,JOROD-14100,John Rodriguez,Consumer,United States,Eugene,Oregon,69233,West,FUR-BO-5816353,Furniture,Bookcases,Sauder Bookcase,1067.0,2,0.5,-176.42
69,US-2024-100040,2024-08-17,2024-08-24,Standard Class,EMJOH-14428,Emily Johnson,Consumer,United States,Jersey City,New Jersey,75715,East,FUR-BO-2736473,Furniture,Bookcases,Sauder Bookcase,4720.74,6,0,1773.47
70,US-2024-100041,2024-03-24,2024-03-26,Same Day,EMMAR-14158,Emily Martinez,Home Office,United States,Jersey City,New Jersey,47079,East,OFF-FA-1878547,Office Supplies,Fasteners,Acco Fastener,84.34,6,0.15,18.93
71,US-2024-100042,2024-11-03,2024-11-08,Second Class,ANMOO-14827,Anna Moore,Corporate,United States,Jersey City,New Jersey,95990,East,TEC-CO-2421349,Technology,Copiers,Canon Copier,2631.46,5,0,655.14
72,US-2024-100043,2024-12-02,2024-12-10,Standard Class,JAMAR-13268,James Martinez,Home Office,United States,Montgomery,Alabama,12389,South,OFF-AR-4593556,Office Supplies,Art,Newell Art,359.36,6,0,145.01
73,US-2023-100030,2023-10-30,2023-11-07,Standard Class,ROJAC-11755,Robert Jackson,Home Office,United States,Portland,Oregon,88282,West,OFF-ST-4034091,Office Supplies,Storage,Iris Storage,223.68,10,0.3,9.11
74,US-2023-100031,2023-09-01,2023-09-03,Same Day,DAROD-14562,Daniel Rodriguez,Consumer,United States,Atlanta,Georgia,50562,South,OFF-BI-8391997,Office Supplies,Binders,Wilson Jones Binder,752.32,8,0.3,-105.23
75,US-2023-100032,2023-07-24,2023-07-29,Second Class,MIMIL-11905,Michael Miller,Home Office,United States,Charlotte,North Carolina,77621,South,FUR-TA-3689594,Furniture,Tables,Bretford Table,1934.95,5,0,321.35
76,US-2023-100033,2023-08-16,2023-08-17,Same Day,MIDAV-11362,Michael Davis,Corporate,United States,Las Vegas,Nevada,61964,West,TEC-MA-7478792,Technology,Machines,Canon Machine,2799.4,2,0.2,35.23
77,US-2023-100034,2023-05-21,2023-05-28,Standard Class,EMJOH-14428,Emily Johnson,Consumer,United States,Savannah,Georgia,68799,South,TEC-PH-1318832,Technology,Phones,Apple Phone,7066.64,5,0.5,-1250.63
78,US-2023-100035,2023-10-23,2023-10-28,Second Class,ROJON-11763,Robert Jones,Corporate,United States,Spokane,Washington,93748,West,TEC-CO-2859886,Technology,Copiers,Canon Copier,6378.36,8,0.1,857.49
79,US-2023-100036,2023-10-26,2023-10-26,Same Day,DAJON-13893,David Jones,Home Office,United States,Springfield,Illinois,34551,Central,TEC-PH-7049927,Technology,Phones,Nokia Phone,2380.6,2,0.5,-514.79
80,US-2024-100044,2024-02-04,2024-02-04,Same Day,LAROD-14322,Laura Rodriguez,Home Office,United States,Raleigh,North Carolina,12128,South,OFF-PA-5045421,Office Supplies,Paper,Boise Paper,178.03,2,0,61.3
81,US-2023-100037,2023-12-13,2023-12-19,Second Class,MAROD-14532,Mark Rodriguez,Consumer,United States,Atlanta,Georgia,18270,South,TEC-CO-5923149,Technology,Copiers,Canon Copier,443.05,4,0.15,64.41
82,US-2024-100045,2024-07-10,2024-07-11,Same Day,MITHO-10260,Michael Thomas,Consumer,United States,Jersey City,New Jersey,16265,East,TEC-MA-3088344,Technology,Machines,Brother Machine,4125.71,6,0.3,199.23
83,US-2023-100038,2023-07-11,2023-07-13,Same Day,LITHO-11295,Linda Thomas,Corporate,United States,St. Paul,Minnesota,20828,Central,TEC-CO-8224389,Technology,Copiers,Canon Copier,4759.61,10,0,2027.5
84,US-2024-100046,2024-11-07,2024-11-10,First Class,MITAY-13126,Michael Taylor,Home Office,United States,Savannah,Georgia,56077,South,OFF-LA-8297090,Office Supplies,Labels,Smead Label,478.01,5,0.3,19.6
85,US-2024-100047,2024-11-26,2024-11-30,Second Class,KAAND-14945,Karen Anderson,Corporate,United States,Miami,Florida,18812,South,FUR-TA-7423230,Furniture,Tables,Lesro Table,742.89,10,0.2,102.81
86,US-2023-100039,2023-03-20,2023-03-26,Second Class,ROJON-12020,Robert Jones,Home Office,United States,Raleigh,North Carolina,42717,South,FUR-BO-4121368,Furniture,Bookcases,O'Sullivan Bookcase,3506.47,8,0.15,311.33
87,US-2023-100040,2023-08-08,2023-08-12,First Class,EMJOH-14428,Emily Johnson,Consumer,United States,Atlanta,Georgia,27790,South,FUR-FU-8467726,Furniture,Furnishings,Eldon Furnishing,1315.77,2,0.2,48.86
88,US-2024-100048,2024-07-17,2024-07-20,First Class,DAWIL-10895,Daniel Wilson,Consumer,United States,Pittsburgh,Pennsylvania,76683,East,FUR-BO-3329967,Furniture,Bookcases,Bush Bookcase,2571.12,4,0.2,282.25
89,US-2024-100049,2024-07-18,2024-07-24,Second Class,DATHO-11503,David Thomas,Corporate,United States,San Francisco,California,62187,West,TEC-CO-7869154,Technology,Copiers,HP Copier,9813.91,10,0.4,-880.8
90,US-2024-100050,2024-06-13,2024-06-15,First Class,DATHO-11503,David Thomas,Corporate,United States,Pittsburgh,Pennsylvania,75911,East,FUR-BO-3567173,Furniture,Bookcases,O'Sullivan Bookcase,867.46,5,0.2,-29.71
91,US-2024-100051,2024-06-15,2024-06-17,First Class,JAROD-10584,James Rodriguez,Home Office,United States,Norfolk,Virginia,26406,East,TEC-MA-9431778,Technology,Machines,Canon Machine,894.72,3,0.2,-2.47
92,US-2024-100052,2024-07-31,2024-08-06,Standard Class,ANMOO-14827,Anna Moore,Corporate,United States,Tucson,Arizona,95344,West,FUR-FU-1508113,Furniture,Furnishings,Advantus Furnishing,5733.98,8,0.15,889.44
93,US-2024-100053,2024-12-02,2024-12-03,Same Day,MAROD-14532,Mark Rodriguez,Consumer,United States,Los Angeles,California,67619,West,OFF-SU-4422938,Office Supplies,Supplies,Staple Supplie,237.43,6,0.2,-10.12
94,US-2023-100041,2023-05-14,2023-05-18,First Class,JOWIL-14002,John Wilson,Consumer,United States,Portland,Oregon,71141,West,FUR-TA-5159388,Furniture,Tables,Lesro Table,367.83,3,0.3,27.78
95,US-2023-100042,2023-06-13,2023-06-17,First Class,ANDAV-10058,Anna Davis,Consumer,United States,Chicago,Illinois,75308,Central,TEC-CO-6176450,Technology,Copiers,HP Copier,6263.16,8,0.1,1787.86
96,US-2023-100043,2023-12-28,2024-01-03,Standard Class,DAROD-14562,Daniel Rodriguez,Consumer,United States,Montgomery,Alabama,47453,South,TEC-PH-8229768,Technology,Phones,Apple Phone,3472.78,3,0.2,821.06
97,US-2023-100044,2023-02-22,2023-02-27,Second Class,JOWIL-14002,John Wilson,Consumer,United States,Dallas,Texas,76093,Central,OFF-AR-3158613,Office Supplies,Art,Newell Art,192.01,2,0.2,4.51
98,US-2023-100045,2023-07-23,2023-07-25,Same Day,MITHO-10260,Michael Thomas,Consumer,United States,Los Angeles,California,53652,West,OFF-SU-9648751,Office Supplies,Supplies,Stanley Supplie,224.19,3,0.15,27.32
99,US-2024-100054,2024-06-03,2024-06-05,Same Day,EMAND-12519,Emily Anderson,Consumer,United States,Detroit,Michigan,58281,Central,OFF-PA-6161977,Office Supplies,Paper,Boise Paper,34.07,1,0.1,4.55
100,US-2024-100055,2024-08-20,2024-08-20,Same Day,EMMAR-14158,Emily Martinez,Home Office,United States,Atlanta,Georgia,14138,South,TEC-PH-1317716,Technology,Phones,Apple Phone,8409.8,8,0.3,-4.59
101,US-2024-100056,2024-09-18,2024-09-20,Same Day,ANDAV-10058,Anna Davis,Consumer,United States,Seattle,Washington,83516,West,OFF-SU-6263895,Office Supplies,Supplies,Staple Supplie,196.13,3,0.15,22.94
102,US-2023-100046,2023-07-16,2023-07-21,Second Class,JOWIL-14002,John Wilson,Consumer,United States,Springfield,Illinois,47880,Central,TEC-AC-6319061,Technology,Accessories,Belkin Accessorie,9626.7,8,0.15,2056.87
103,US-2024-100057,2024-08-10,2024-08-11,Same Day,SUAND-13469,Susan Anderson,Corporate,United States,Springfield,Illinois,15513,Central,OFF-PA-8421839,Office Supplies,Paper,Boise Paper,140.18,5,0.15,2.82
104,US-2024-100058,2024-12-13,2024-12-15,First Class,JOGAR-13462,John Garcia,Corporate,United States,Philadelphia,Pennsylvania,97796,East,TEC-AC-1880654,Technology,Accessories,Logitech Accessorie,391.58,2,0,175.6
105,US-2024-100059,2024-07-17,2024-07-22,Second Class,SUMIL-14417,Susan Miller,Home Office,United States,Nashville,Tennessee,47649,South,OFF-AR-2500901,Office Supplies,Art,Newell Art,894.26,10,0,157.42
106,US-2023-100047,2023-06-29,2023-06-29,Same Day,MIDAV-11362,Michael Davis,Corporate,United States,Reno,Nevada,34420,West,TEC-MA-1155477,Technology,Machines,Canon Machine,7376.71,5,0.15,1207.53
107,US-2024-100060,2024-10-18,2024-10-18,Same Day,DAWIL-10895,Daniel Wilson,Consumer,United States,Charlotte,North Carolina,24764,South,OFF-ST-5316188,Office Supplies,Storage,Fellowes Storage,127.33,3,0.1,37.86
108,US-2024-100061,2024-10-16,2024-10-17,Same Day,JOROD-14100,John Rodriguez,Consumer,United States,Dallas,Texas,97720,Central,FUR-CH-9010350,Furniture,Chairs,Hon Chair,4511.21,6,0.4,-794.55
109,US-2023-100048,2023-12-04,2023-12-08,First Class,ANDAV-10058,Anna Davis,Consumer,United States,Eugene,Oregon,40972,West,FUR-BO-6147356,Furniture,Bookcases,Sauder Bookcase,1062.19,3,0.15,98.69
110,US-2024-100062,2024-10-16,2024-10-19,First Class,DAJON-13893,David Jones,Home Office,United States,Philadelphia,Pennsylvania,72676,East,FUR-FU-7268384,Furniture,Furnishings,Advantus Furnishing,4035.19,7,0.1,490.04
111,US-2024-100063,2024-11-27,2024-12-05,Standard Class,MITAY-13126,Michael Taylor,Home Office,United States,Austin,Texas,24707,Central,FUR-CH-3514105,Furniture,Chairs,Bevis Chair,888.26,3,0.1,119.85
112,US-2024-100064,2024-05-15,2024-05-23,Standard Class,MITAY-13126,Michael Taylor,Home Office,United States,Las Vegas,Nevada,77272,West,OFF-SU-8757420,Office Supplies,Supplies,Stanley Supplie,246.63,5,0.1,43.53
113,US-2023-100049,2023-02-16,2023-02-17,Same Day,EMDAV-11840,Emily Davis,Consumer,United States,Phoenix,Arizona,19046,West,OFF-LA-7859648,Office Supplies,Labels,Smead Label,277.81,3,0.3,10.46
114,US-2024-100065,2024-01-27,2024-01-28,Same Day,ROTHO-14780,Robert Thomas,Corporate,United States,Phoenix,Arizona,95660,West,OFF-PA-7594429,Office Supplies,Paper,Xerox Paper,1057.6,9,0,165.46
115,US-2024-100066,2024-04-19,2024-04-21,Same Day,ROTHO-14780,Robert Thomas,Corporate,United States,Pittsburgh,Pennsylvania,55371,East,FUR-TA-2893218,Furniture,Tables,Bretford Table,657.11,1,0,248.26
116,US-2023-100050,2023-03-10,2023-03-18,Standard Class,MITHO-10260,Michael Thomas,Consumer,United States,Birmingham,Alabama,42077,South,TEC-PH-8364573,Technology,Phones,Samsung Phone,4701.17,4,0,1404.86
117,US-2023-100051,2023-10-24,2023-10-30,Second Class,EMAND-12519,Emily Anderson,Consumer,United States,St. Paul,Minnesota,41051,Central,OFF-ST-7938388,Office Supplies,Storage,Iris Storage,340.68,5,0,89.33
118,US-2024-100067,2024-03-13,2024-03-13,Same Day,NATAY-13758,Nancy Taylor,Consumer,United States,Montgomery,Alabama,64568,South,OFF-ST-7315953,Office Supplies,Storage,Fellowes Storage,175.21,3,0.15,7.49
119,US-2023-100052,2023-05-28,2023-05-28,Same Day,JOWIL-14002,John Wilson,Consumer,United States,Nashville,Tennessee,60910,South,FUR-TA-6540893,Furniture,Tables,Bretford Table,1483.34,2,0.1,496.24
120,US-2024-100068,2024-01-22,2024-01-28,Standard Class,KAMIL-10569,Karen Miller,Consumer,United States,Boston,Massachusetts,53642,East,OFF-LA-4188068,Office Supplies,Labels,Avery Label,182.51,2,0.1,42.16
121,US-2023-100053,2023-09-03,2023-09-06,First Class,ROTHO-14780,Robert Thomas,Corporate,United States,Montgomery,Alabama,50425,South,OFF-EN-8818250,Office Supplies,Envelopes,Kraft Envelope,175.04,2,0.2,-4.25
122,US-2024-100069,2024-01-15,2024-01-18,First Class,MITHO-10260,Michael Thomas,Consumer,United States,Philadelphia,Pennsylvania,44180,East,TEC-CO-3557039,Technology,Copiers,HP Copier,5033.5,4,0.4,-579.82
123,US-2024-100070,2024-12-02,2024-12-05,First Class,WIWIL-14211,William Williams,Consumer,United States,Memphis,Tennessee,32050,South,TEC-MA-3348114,Technology,Machines,Canon Machine,7524.89,9,0,2203.41
124,US-2023-100054,2023-03-18,2023-03-24,Standard Class,NAWIL-10385,Nancy Williams,Consumer,United States,Philadelphia,Pennsylvania,29795,East,FUR-CH-8650572,Furniture,Chairs,Bevis Chair,572.03,6,0.4,-84.54
125,US-2023-100055,2023-01-17,2023-01-25,Standard Class,JOWIL-14002,John Wilson,Consumer,United States,Miami,Florida,79391,South,TEC-MA-1287605,Technology,Machines,Brother Machine,10970.49,9,0,4584.51
126,US-2023-100056,2023-04-09,2023-04-13,Second Class,KAMIL-10569,Karen Miller,Consumer,United States,Cleveland,Ohio,62022,Central,FUR-TA-8700704,Furniture,Tables,Lesro Table,2324.06,10,0,590.03
127,US-2024-100071,2024-10-27,2024-11-02,Standard Class,KADAV-11133,Karen Davis,Home Office,United States,Memphis,Tennessee,17355,South,TEC-PH-3875339,Technology,Phones,Nokia Phone,2374.69,2,0,431.15
128,US-2023-100057,2023-02-13,2023-02-17,Second Class,MADAV-10617,Mark Davis,Corporate,United States,Charlotte,North Carolina,19744,South,TEC-MA-4009069,Technology,Machines,Canon Machine,1554.47,6,0.3,-200.0
129,US-2023-100058,2023-11-03,2023-11-09,Second Class,KAGAR-13032,Karen Garcia,Corporate,United States,Montgomery,Alabama,60311,South,TEC-AC-9401909,Technology,Accessories,Logitech Accessorie,7596.47,6,0.2,519.97
130,US-2024-100072,2024-09-20,2024-09-21,Same Day,ANJON-10839,Anna Jones,Home Office,United States,Ann Arbor,Michigan,39902,Central,OFF-FA-4116163,Office Supplies,Fasteners,Acco Fastener,130.26,10,0.1,17.72
131,US-2023-100059,2023-03-26,2023-03-28,First Class,ROTHO-14780,Robert Thomas,Corporate,United States,Worcester,Massachusetts,57277,East,FUR-BO-6171869,Furniture,Bookcases,Bush Bookcase,2559.5,8,0,820.85
132,US-2024-100073,2024-07-24,2024-07-24,Same Day,ANJON-10839,Anna Jones,Home Office,United States,Portland,Oregon,88240,West,TEC-MA-1207041,Technology,Machines,Brother Machine,5505.12,5,0.5,-1770.24
133,US-2023-100060,2023-09-06,2023-09-12,Second Class,ROTHO-14780,Robert Thomas,Corporate,United States,Pittsburgh,Pennsylvania,49469,East,OFF-SU-2061446,Office Supplies,Supplies,Stanley Supplie,156.81,3,0,53.58
134,US-2023-100061,2023-09-10,2023-09-12,Same Day,DAJON-13893,David Jones,Home Office,United States,Boston,Massachusetts,27758,East,OFF-LA-6573679,Office Supplies,Labels,Smead Label,1038.77,10,0.3,-98.31
135,US-2024-100074,2024-10-28,2024-11-02,Second Class,WITAY-12193,William Taylor,Consumer,United States,Worcester,Massachusetts,33283,East,OFF-EN-9237735,Office Supplies,Envelopes,Kraft Envelope,411.29,10,0.3,16.66
136,US-2024-100075,2024-07-31,2024-08-06,Second Class,JAJON-13063,James Jones,Consumer,United States,Richmond,Virginia,70505,East,TEC-AC-5887726,Technology,Accessories,Belkin Accessorie,1286.51,2,0.4,10.61
137,US-2023-100062,2023-11-07,2023-11-12,Second Class,JAMAR-13268,James Martinez,Home Office,United States,Worcester,Massachusetts,19694,East,OFF-SU-9965197,Office Supplies,Supplies,Staple Supplie,942.72,9,0,200.6
138,US-2024-100076,2024-01-04,2024-01-10,Standard Class,ROJAC-11755,Robert Jackson,Home Office,United States,Newark,New Jersey,94803,East,TEC-PH-7704473,Technology,Phones,Nokia Phone,391.77,6,0.15,91.44
139,US-2024-100077,2024-06-15,2024-06-20,Second Class,ROJON-12020,Robert Jones,Home Office,United States,Nashville,Tennessee,55215,South,FUR-FU-5956530,Furniture,Furnishings,Eldon Furnishing,5182.87,7,0,1790.69
140,US-2023-100063,2023-12-18,2023-12-18,Same Day,EMMAR-14158,Emily Martinez,Home Office,United States,Raleigh,North Carolina,22795,South,OFF-SU-2126998,Office Supplies,Supplies,Staple Supplie,430.81,5,0.2,23.96
141,US-2024-100078,2024-11-24,2024-11-30,Second Class,KAGAR-13032,Karen Garcia,Corporate,United States,Richmond,Virginia,53383,East,TEC-CO-4889890,Technology,Copiers,HP Copier,7021.68,7,0.3,991.76
142,US-2024-100079,2024-09-20,2024-09-25,Second Class,SADAV-14647,Sarah Davis,Consumer,United States,Nashville,Tennessee,38153,South,FUR-TA-2049645,Furniture,Tables,Chromcraft Table,1263.14,10,0.2,241.11
143,US-2023-100064,2023-04-27,2023-05-01,First Class,JAMIL-14393,James Miller,Corporate,United States,Montgomery,Alabama,88246,South,OFF-FA-6837206,Office Supplies,Fasteners,OIC Fastener,451.39,6,0.15,11.01
144,US-2024-100080,2024-08-27,2024-09-04,Standard Class,EMWIL-13112,Emily Williams,Consumer,United States,Houston,Texas,50026,Central,FUR-CH-3371602,Furniture,Chairs,Global Chair,3072.13,9,0.3,289.62
145,US-2024-100081,2024-10-12,2024-10-18,Second Class,SAMOO-14392,Sarah Moore,Consumer,United States,Charlotte,North Carolina,34523,South,OFF-SU-7023677,Office Supplies,Supplies,Stanley Supplie,25.83,1,0.5,-5.21
146,US-2024-100082,2024-05-21,2024-05-23,Same Day,LITHO-11295,Linda Thomas,Corporate,United States,Memphis,Tennessee,31922,South,FUR-BO-5900455,Furniture,Bookcases,Bush Bookcase,256.14,1,0.4,-30.66
147,US-2024-100083,2024-05-22,2024-05-30,Standard Class,ROJON-11763,Robert Jones,Corporate,United States,St. Paul,Minnesota,81046,Central,FUR-FU-4666525,Furniture,Furnishings,Advantus Furnishing,887.69,7,0.15,33.34
148,US-2023-100065,2023-02-03,2023-02-04,Same Day,NATAY-13758,Nancy Taylor,Consumer,United States,Las Vegas,Nevada,41056,West,FUR-TA-8183451,Furniture,Tables,Chromcraft Table,1536.34,3,0,428.6
149,US-2024-100084,2024-06-29,2024-07-03,First Class,JAJON-13063,James Jones,Consumer,United States,Jersey City,New Jersey,47923,East,TEC-MA-3274804,Technology,Machines,Canon Machine,9150.53,7,0,2192.21
150,US-2023-100066,2023-05-16,2023-05-20,Second Class,WISMI-14819,William Smith,Home Office,United States,Springfield,Illinois,74154,Central,FUR-TA-7949543,Furniture,Tables,Chromcraft Table,2722.96,7,0,896.25
151,US-2023-100067,2023-10-12,2023-10-15,First Class,LITHO-11295,Linda Thomas,Corporate,United States,Minneapolis,Minnesota,22208,Central,TEC-CO-2062512,Technology,Copiers,HP Copier,11214.26,9,0.4,-342.72
152,US-2023-100068,2023-10-18,2023-10-22,First Class,EMAND-12519,Emily Anderson,Consumer,United States,Norfolk,Virginia,55054,East,TEC-PH-2670586,Technology,Phones,Apple Phone,2232.61,8,0.4,111.18
153,US-2024-100085,2024-03-14,2024-03-20,Second Class,EMJOH-14428,Emily Johnson,Consumer,United States,Newark,New Jersey,45916,East,FUR-TA-2382787,Furniture,Tables,Lesro Table,3290.29,6,0.15,270.47
154,US-2023-100069,2023-08-28,2023-08-30,Same Day,ANMOO-14827,Anna Moore,Corporate,United States,Los Angeles,California,72496,West,FUR-CH-4794852,Furniture,Chairs,Bevis Chair,5039.88,9,0,773.89
155,US-2024-100086,2024-03-08,2024-03-13,Second Class,JOMIL-14464,John Miller,Corporate,United States,Boston,Massachusetts,23425,East,FUR-TA-6020671,Furniture,Tables,Lesro Table,1011.12,3,0,434.25
156,US-2024-100087,2024-07-30,2024-08-07,Standard Class,SUMIL-14417,Susan Miller,Home Office,United States,Worcester,Massachusetts,37925,East,TEC-AC-8421969,Technology,Accessories,Belkin Accessorie,4564.18,4,0.3,203.29
157,US-2024-100088,2024-03-15,2024-03-17,First Class,KAGAR-13032,Karen Garcia,Corporate,United States,Houston,Texas,82534,Central,TEC-MA-6060836,Technology,Machines,Canon Machine,4537.49,4,0.15,481.65
158,US-2023-100070,2023-09-03,2023-09-04,Same Day,ROJON-11763,Robert Jones,Corporate,United States,Boston,Massachusetts,79243,East,FUR-TA-3214305,Furniture,Tables,Lesro Table,4869.27,7,0,1077.0
159,US-2023-100071,2023-03-16,2023-03-24,Standard Class,JOMIL-14464,John Miller,Corporate,United States,Portland,Oregon,15220,West,FUR-FU-5806467,Furniture,Furnishings,Advantus Furnishing,5627.99,9,0.5,-1189.18
160,US-2023-100072,2023-06-06,2023-06-08,First Class,WIJOH-11876,William Johnson,Consumer,United States,Phoenix,Arizona,30365,West,TEC-MA-2109227,Technology,Machines,Brother Machine,6386.89,5,0,2405.66
161,US-2024-100089,2024-03-20,2024-03-27,Standard Class,DAJON-13893,David Jones,Home Office,United States,Portland,Oregon,25655,West,FUR-CH-1190431,Furniture,Chairs,Bevis Chair,1266.93,3,0.15,316.62
162,US-2023-100073,2023-05-10,2023-05-14,First Class,DATHO-11503,David Thomas,Corporate,United States,San Francisco,California,66272,West,OFF-PA-2293020,Office Supplies,Paper,Boise Paper,361.08,8,0,122.66
163,US-2023-100074,2023-09-19,2023-09-27,Standard Class,KAMOO-14239,Karen Moore,Corporate,United States,Seattle,Washington,15772,West,FUR-CH-8914896,Furniture,Chairs,Hon Chair,2023.41,6,0,574.93
164,US-2024-100090,2024-11-02,2024-11-02,Same Day,WITAY-12193,William Taylor,Consumer,United States,Worcester,Massachusetts,45554,East,FUR-TA-9422849,Furniture,Tables,Bretford Table,184.51,1,0.3,23.86
165,US-2024-100091,2024-04-21,2024-04-24,First Class,WITAY-12193,William Taylor,Consumer,United States,Tucson,Arizona,11044,West,OFF-BI-6098752,Office Supplies,Binders,Wilson Jones Binder,460.88,10,0.1,60.03
166,US-2024-100092,2024-07-13,2024-07-17,Second Class,EMSMI-12253,Emily Smith,Consumer,United States,Miami,Florida,80981,South,OFF-LA-1024528,Office Supplies,Labels,Smead Label,616.59,7,0.5,-212.68
167,US-2024-100093,2024-03-05,2024-03-05,Same Day,KAAND-14945,Karen Anderson,Corporate,United States,Houston,Texas,40339,Central,TEC-CO-8691649,Technology,Copiers,HP Copier,1947.93,2,0.3,248.46
168,US-2024-100094,2024-08-04,2024-08-11,Standard Class,JAMAR-13268,James Martinez,Home Office,United States,Pittsburgh,Pennsylvania,44208,East,OFF-FA-6336123,Office Supplies,Fasteners,Acco Fastener,93.91,8,0,37.88
169,US-2023-100075,2023-06-18,2023-06-19,Same Day,WITAY-12193,William Taylor,Consumer,United States,Tampa,Florida,56961,South,FUR-FU-8773665,Furniture,Furnishings,Tenex Furnishing,3446.81,5,0.15,179.52
170,US-2024-100095,2024-12-14,2024-12-20,Standard Class,MAJOH-10806,Mark Johnson,Consumer,United States,Chicago,Illinois,42534,Central,OFF-FA-6013715,Office Supplies,Fasteners,OIC Fastener,116.71,5,0.4,-13.63
171,US-2024-100096,2024-07-17,2024-07-21,Second Class,MAROD-14532,Mark Rodriguez,Consumer,United States,Seattle,Washington,11567,West,FUR-CH-4324120,Furniture,Chairs,Hon Chair,2304.26,7,0.15,57.08
172,US-2023-100076,2023-03-18,2023-03-24,Standard Class,KAMIL-10569,Karen Miller,Consumer,United States,Atlanta,Georgia,53456,South,FUR-BO-1849559,Furniture,Bookcases,Sauder Bookcase,2229.3,3,0.4,91.75
173,US-2024-100097,2024-11-30,2024-11-30,Same Day,NATAY-13758,Nancy Taylor,Consumer,United States,Pittsburgh,Pennsylvania,46681,East,OFF-ST-5123584,Office Supplies,Storage,Iris Storage,531.43,5,0,194.54
174,US-2023-100077,2023-05-21,2023-05-21,Same Day,SUMIL-14417,Susan Miller,Home Office,United States,Richmond,Virginia,60134,East,TEC-MA-9131572,Technology,Machines,Brother Machine,3678.92,6,0,1626.75
175,US-2024-100098,2024-09-03,2024-09-07,Second Class,MADAV-10617,Mark Davis,Corporate,United States,Dallas,Texas,79393,Central,OFF-BI-2679975,Office Supplies,Binders,GBC Binder,136.73,4,0,30.19
176,US-2023-100078,2023-08-13,2023-08-14,Same Day,MIDAV-11362,Michael Davis,Corporate,United States,Philadelphia,Pennsylvania,87662,East,OFF-EN-6900247,Office Supplies,Envelopes,Poly Envelope,688.84,10,0.4,-77.59
177,US-2023-100079,2023-06-29,2023-06-29,Same Day,ANMOO-14827,Anna Moore,Corporate,United States,Seattle,Washington,12612,West,TEC-CO-6565572,Technology,Copiers,Canon Copier,10895.6,10,0.2,2529.23
178,US-2023-100080,2023-06-01,2023-06-05,Second Class,DAWIL-10895,Daniel Wilson,Consumer,United States,Dallas,Texas,96787,Central,OFF-PA-6062779,Office Supplies,Paper,Boise Paper,128.57,6,0.4,-18.61
179,US-2023-100081,2023-06-28,2023-06-30,First Class,JAMAR-13268,James Martinez,Home Office,United States,Worcester,Massachusetts,48602,East,FUR-CH-1030163,Furniture,Chairs,Bevis Chair,3437.01,10,0,1358.91
180,US-2023-100082,2023-11-22,2023-11-28,Second Class,EMAND-12519,Emily Anderson,Consumer,United States,Las Vegas,Nevada,53406,West,TEC-PH-6818508,Technology,Phones,Apple Phone,1071.92,6,0.2,124.35
181,US-2023-100083,2023-09-29,2023-10-03,Second Class,EMDAV-11840,Emily Davis,Consumer,United States,Eugene,Oregon,24160,West,TEC-PH-7474950,Technology,Phones,Apple Phone,10660.8,8,0.4,-2287.07
182,US-2023-100084,2023-12-26,2023-12-26,Same Day,MAJOH-10806,Mark Johnson,Consumer,United States,Birmingham,Alabama,31319,South,OFF-PA-5947745,Office Supplies,Paper,Xerox Paper,114.34,1,0,21.0
183,US-2023-100085,2023-06-14,2023-06-22,Standard Class,MADAV-10617,Mark Davis,Corporate,United States,Eugene,Oregon,14062,West,OFF-ST-3635764,Office Supplies,Storage,Fellowes Storage,27.05,1,0.5,-7.21
184,US-2024-100099,2024-07-07,2024-07-11,First Class,DAROD-14562,Daniel Rodriguez,Consumer,United States,Chicago,Illinois,16505,Central,OFF-SU-1914439,Office Supplies,Supplies,Stanley Supplie,79.52,6,0.4,-0.79
185,US-2023-100086,2023-01-27,2023-01-31,Second Class,LAROD-14322,Laura Rodriguez,Home Office,United States,Dallas,Texas,25139,Central,OFF-FA-9205682,Office Supplies,Fasteners,Acco Fastener,333.31,5,0.3,13.06
186,US-2024-100100,2024-04-01,2024-04-08,Standard Class,MITAY-13126,Michael Taylor,Home Office,United States,Charlotte,North Carolina,45200,South,TEC-PH-2622400,Technology,Phones,Apple Phone,1300.56,2,0.1,239.2
187,US-2024-100101,2024-02-01,2024-02-03,Same Day,KAMOO-14239,Karen Moore,Corporate,United States,Birmingham,Alabama,72424,South,OFF-PA-1582647,Office Supplies,Paper,Boise Paper,571.21,9,0,236.43
188,US-2024-100102,2024-04-04,2024-04-08,Second Class,ANMAR-10653,Anna Martinez,Consumer,United States,Philadelphia,Pennsylvania,65492,East,FUR-FU-3480985,Furniture,Furnishings,Eldon Furnishing,2434.15,10,0,1031.82
189,US-2024-100103,2024-07-23,2024-07-25,Same Day,WITAY-12193,William Taylor,Consumer,United States,St. Paul,Minnesota,11620,Central,TEC-CO-7953189,Technology,Copiers,Canon Copier,3448.94,3,0,595.02
190,US-2024-100104,2024-07-30,2024-08-06,Standard Class,JAMIL-14393,James Miller,Corporate,United States,Ann Arbor,Michigan,60206,Central,TEC-CO-1628569,Technology,Copiers,HP Copier,2797.65,3,0.3,387.1
191,US-2023-100087,2023-12-06,2023-12-10,Second Class,SADAV-10552,Sarah Davis,Consumer,United States,Raleigh,North Carolina,12651,South,OFF-AR-5703436,Office Supplies,Art,Bostitch Art,665.02,8,0.1,205.95
192,US-2024-100105,2024-03-29,2024-04-01,First Class,ANDAV-10058,Anna Davis,Consumer,United States,Birmingham,Alabama,34633,South,OFF-BI-9127895,Office Supplies,Binders,Wilson Jones Binder,891.53,9,0,383.64
193,US-2024-100106,2024-12-27,2024-12-27,Same Day,ROJAC-11755,Robert Jackson,Home Office,United States,Seattle,Washington,36309,West,FUR-CH-8657937,Furniture,Chairs,Hon Chair,738.52,1,0.4,-74.99
194,US-2024-100107,2024-10-12,2024-10-20,Standard Class,ANJON-10839,Anna Jones,Home Office,United States,Jersey City,New Jersey,87862,East,OFF-ST-6867997,Office Supplies,Storage,Fellowes Storage,645.93,6,0,235.43
195,US-2024-100108,2024-01-31,2024-02-06,Standard Class,DAWIL-10895,Daniel Wilson,Consumer,United States,Philadelphia,Pennsylvania,98826,East,FUR-TA-7870390,Furniture,Tables,Chromcraft Table,585.35,9,0,180.15
196,US-2023-100088,2023-05-16,2023-05-22,Second Class,SUMIL-10772,Susan Miller,Consumer,United States,Spokane,Washington,89736,West,OFF-AR-7316209,Office Supplies,Art,Bostitch Art,171.18,6,0.5,-50.89
197,US-2024-100109,2024-02-11,2024-02-17,Standard Class,JOROD-14100,John Rodriguez,Consumer,United States,St. Paul,Minnesota,49121,Central,TEC-PH-2071008,Technology,Phones,Samsung Phone,7794.98,6,0.15,804.16
198,US-2024-100110,2024-10-29,2024-10-31,First Class,KAAND-14945,Karen Anderson,Corporate,United States,Albany,New York,62965,East,TEC-MA-1427068,Technology,Machines,Canon Machine,5255.36,8,0.3,-373.23
199,US-2024-100111,2024-08-20,2024-08-25,Second Class,ANDAV-10058,Anna Davis,Consumer,United States,Norfolk,Virginia,98063,East,OFF-AR-4038955,Office Supplies,Art,Newell Art,89.85,5,0.5,-25.06
200,US-2023-100089,2023-07-07,2023-07-11,First Class,ANMOO-14827,Anna Moore,Corporate,United States,Newark,New Jersey,50250,East,OFF-EN-5371458,Office Supplies,Envelopes,Kraft Envelope,1025.92,10,0,316.33
201,US-2023-100090,2023-07-19,2023-07-27,Standard Class,ROTHO-14780,Robert Thomas,Corporate,United States,Detroit,Michigan,29762,Central,FUR-CH-7865099,Furniture,Chairs,Global Chair,7196.34,10,0,1556.7
202,US-2024-100112,2024-05-14,2024-05-18,First Class,DAWIL-14522,Daniel Williams,Corporate,United States,Houston,Texas,69251,Central,OFF-BI-3658100,Office Supplies,Binders,GBC Binder,753.85,8,0.3,-30.19
203,US-2024-100113,2024-02-18,2024-02-19,Same Day,ROTHO-14780,Robert Thomas,Corporate,United States,San Diego,California,36137,West,TEC-MA-6405839,Technology,Machines,Canon Machine,8628.26,9,0.1,2434.21
204,US-2023-100091,2023-12-19,2023-12-21,First Class,JOGAR-13462,John Garcia,Corporate,United States,Montgomery,Alabama,31891,South,FUR-BO-5879280,Furniture,Bookcases,Sauder Bookcase,4766.99,8,0,1655.0
205,US-2024-100114,2024-05-16,2024-05-18,First Class,SAMOO-14392,Sarah Moore,Consumer,United States,Miami,Florida,39402,South,TEC-AC-1367643,Technology,Accessories,Logitech Accessorie,10811.1,10,0,3648.12
206,US-2024-100115,2024-10-17,2024-10-21,First Class,DAJON-13893,David Jones,Home Office,United States,Phoenix,Arizona,96765,West,FUR-BO-2942630,Furniture,Bookcases,Bush Bookcase,2682.65,7,0,1041.81
207,US-2024-100116,2024-12-03,2024-12-10,Standard Class,NAWIL-10385,Nancy Williams,Consumer,United States,Tucson,Arizona,91631,West,TEC-AC-2760168,Technology,Accessories,Belkin Accessorie,1937.86,9,0,582.67
208,US-2024-100117,2024-09-15,2024-09-20,Second Class,MAJOH-10806,Mark Johnson,Consumer,United States,Jersey City,New Jersey,48712,East,FUR-BO-9327450,Furniture,Bookcases,O'Sullivan Bookcase,2264.61,4,0,562.78
209,US-2023-100092,2023-04-24,2023-04-24,Same Day,ANMOO-14827,Anna Moore,Corporate,United States,San Francisco,California,94454,West,FUR-FU-5431282,Furniture,Furnishings,Tenex Furnishing,700.48,8,0.15,134.45
210,US-2024-100118,2024-11-24,2024-11-27,First Class,SADAV-10552,Sarah Davis,Consumer,United States,Los Angeles,California,11267,West,FUR-CH-6998314,Furniture,Chairs,Global Chair,6130.53,8,0.2,33.78
211,US-2023-100093,2023-07-07,2023-07-14,Standard Class,KADAV-11133,Karen Davis,Home Office,United States,Raleigh,North Carolina,72684,South,OFF-ST-3223175,Office Supplies,Storage,Iris Storage,101.79,1,0.4,-19.41
212,US-2024-100119,2024-11-25,2024-11-25,Same Day,DAJON-13893,David Jones,Home Office,United States,Charlotte,North Carolina,99714,South,TEC-AC-9189341,Technology,Accessories,Belkin Accessorie,283.67,2,0.2,69.87
213,US-2024-100120,2024-11-25,2024-12-01,Second Class,JAMIL-14393,James Miller,Corporate,United States,Minneapolis,Minnesota,66734,Central,TEC-AC-6800713,Technology,Accessories,Belkin Accessorie,9404.43,7,0,4199.14
214,US-2023-100094,2023-06-10,2023-06-11,Same Day,JAMIL-14393,James Miller,Corporate,United States,Buffalo,New York,52026,East,FUR-TA-1844744,Furniture,Tables,Lesro Table,1953.27,9,0.1,637.45
215,US-2024-100121,2024-03-30,2024-03-30,Same Day,DAWIL-10895,Daniel Wilson,Consumer,United States,Memphis,Tennessee,25559,South,OFF-LA-7768594,Office Supplies,Labels,Avery Label,470.71,7,0.15,15.52
216,US-2024-100122,2024-07-29,2024-08-04,Second Class,JAMAR-13268,James Martinez,Home Office,United States,Raleigh,North Carolina,17113,South,FUR-FU-8937865,Furniture,Furnishings,Tenex Furnishing,3521.61,6,0.1,1230.24
217,US-2023-100095,2023-12-30,2024-01-03,First Class,EMMAR-14158,Emily Martinez,Home Office,United States,Houston,Texas,31516,Central,OFF-ST-2794516,Office Supplies,Storage,Fellowes Storage,124.71,5,0.3,10.64
218,US-2023-100096,2023-07-15,2023-07-17,First Class,WIWIL-14211,William Williams,Consumer,United States,Tampa,Florida,98098,South,TEC-PH-8673695,Technology,Phones,Samsung Phone,7733.02,10,0.5,-2094.6
219,US-2024-100123,2024-07-20,2024-07-22,Same Day,EMROD-12786,Emily Rodriguez,Consumer,United States,Richmond,Virginia,26827,East,FUR-FU-6399642,Furniture,Furnishings,Advantus Furnishing,6399.39,9,0.1,1714.53
220,US-2023-100097,2023-12-18,2023-12-21,First Class,SUMIL-10772,Susan Miller,Consumer,United States,Pittsburgh,Pennsylvania,88974,East,TEC-MA-4646403,Technology,Machines,Brother Machine,4182.35,4,0,650.77
221,US-2024-100124,2024-10-27,2024-11-02,Second Class,JAJON-13063,James Jones,Consumer,United States,Dallas,Texas,83699,Central,OFF-FA-8086467,Office Supplies,Fasteners,Acco Fastener,5.96,1,0,2.32
222,US-2023-100098,2023-06-14,2023-06-18,First Class,JAROD-10584,James Rodriguez,Home Office,United States,Albany,New York,48684,East,FUR-BO-8593275,Furniture,Bookcases,Sauder Bookcase,1024.16,2,0.1,130.35
223,US-2024-100125,2024-07-28,2024-07-28,Same Day,JOROD-14100,John Rodriguez,Consumer,United States,Dallas,Texas,60797,Central,OFF-EN-1217520,Office Supplies,Envelopes,Poly Envelope,523.28,5,0.4,-104.13
224,US-2024-100126,2024-10-10,2024-10-14,First Class,JAJON-13063,James Jones,Consumer,United States,Pittsburgh,Pennsylvania,68827,East,FUR-BO-3915798,Furniture,Bookcases,Bush Bookcase,1255.64,9,0.15,327.7
225,US-2024-100127,2024-08-21,2024-08-23,First Class,JAWIL-11741,James Wilson,Home Office,United States,Atlanta,Georgia,30146,South,OFF-LA-9230079,Office Supplies,Labels,Smead Label,115.27,10,0.5,-13.37
226,US-2023-100099,2023-07-08,2023-07-16,Standard Class,SAMOO-14392,Sarah Moore,Consumer,United States,Montgomery,Alabama,22051,South,OFF-BI-6568081,Office Supplies,Binders,GBC Binder,171.35,6,0.5,-32.98
227,US-2024-100128,2024-07-28,2024-08-03,Standard Class,JAMAR-13268,James Martinez,Home Office,United States,Detroit,Michigan,94182,Central,TEC-AC-6384429,Technology,Accessories,Logitech Accessorie,4266.64,7,0.5,-1140.01
228,US-2023-100100,2023-01-26,2023-01-30,First Class,SUMIL-10772,Susan Miller,Consumer,United States,Nashville,Tennessee,48854,South,TEC-AC-9621722,Technology,Accessories,Belkin Accessorie,2873.2,2,0.5,-603.26
229,US-2024-100129,2024-10-03,2024-10-09,Standard Class,JAMAR-13268,James Martinez,Home Office,United States,Boston,Massachusetts,36945,East,TEC-CO-3579573,Technology,Copiers,Canon Copier,176.91,1,0,70.16
230,US-2023-100101,2023-09-15,2023-09-23,Standard Class,SUAND-13469,Susan Anderson,Corporate,United States,Jersey City,New Jersey,60860,East,OFF-FA-6308382,Office Supplies,Fasteners,Acco Fastener,16.84,1,0,3.76
231,US-2024-100130,2024-08-22,2024-08-30,Standard Class,DAWIL-10895,Daniel Wilson,Consumer,United States,Portland,Oregon,47989,West,TEC-MA-5723078,Technology,Machines,Canon Machine,757.5,8,0,219.64
232,US-2023-100102,2023-05-20,2023-05-22,Same Day,DAROD-14562,Daniel Rodriguez,Consumer,United States,Jersey City,New Jersey,11461,East,TEC-AC-1700837,Technology,Accessories,Logitech Accessorie,843.91,1,0,302.62
233,US-2023-100103,2023-12-19,2023-12-24,Second Class,MADAV-10617,Mark Davis,Corporate,United States,Philadelphia,Pennsylvania,38939,East,TEC-MA-2923047,Technology,Machines,Canon Machine,386.59,3,0.5,-72.83
234,US-2024-100131,2024-07-16,2024-07-23,Standard Class,JAMAR-13268,James Martinez,Home Office,United States,Portland,Oregon,35875,West,TEC-CO-6991787,Technology,Copiers,HP Copier,1390.35,3,0,250.21
235,US-2023-100104,2023-11-22,2023-11-23,Same Day,JAWIL-11741,James Wilson,Home Office,United States,Minneapolis,Minnesota,84128,Central,TEC-MA-8185805,Technology,Machines,Brother Machine,1113.64,3,0.3,74.61
236,US-2024-100132,2024-01-04,2024-01-10,Second Class,ANDAV-10058,Anna Davis,Consumer,United States,Ann Arbor,Michigan,68373,Central,OFF-AR-2825908,Office Supplies,Art,Bostitch Art,37.77,3,0,6.9
237,US-2023-100105,2023-07-21,2023-07-25,First Class,DATHO-11503,David Thomas,Corporate,United States,Los Angeles,California,76476,West,TEC-PH-7797028,Technology,Phones,Nokia Phone,4278.94,10,0.5,-819.98
238,US-2023-100106,2023-06-02,2023-06-05,First Class,EMTAY-12277,Emily Taylor,Corporate,United States,Springfield,Illinois,75683,Central,TEC-PH-7104651,Technology,Phones,Samsung Phone,13030.2,9,0,2903.63
239,US-2023-100107,2023-05-24,2023-05-24,Same Day,DAWIL-14522,Daniel Williams,Corporate,United States,Worcester,Massachusetts,15297,East,FUR-FU-2054635,Furniture,Furnishings,Eldon Furnishing,1635.38,5,0.2,218.44
240,US-2024-100133,2024-04-10,2024-04-16,Standard Class,SUMIL-14417,Susan Miller,Home Office,United States,Austin,Texas,78337,Central,TEC-MA-3916715,Technology,Machines,Brother Machine,6981.37,7,0,2059.51
241,US-2024-100134,2024-01-21,2024-01-27,Second Class,KADAV-11133,Karen Davis,Home Office,United States,Cleveland,Ohio,73191,Central,TEC-PH-3331501,Technology,Phones,Nokia Phone,7864.33,8,0.1,2398.05
242,US-2023-100108,2023-06-11,2023-06-15,First Class,WISMI-14819,William Smith,Home Office,United States,Spokane,Washington,53283,West,TEC-PH-9033176,Technology,Phones,Samsung Phone,10067.03,8,0,3794.25
243,US-2023-100109,2023-05-11,2023-05-15,Second Class,LAROD-14322,Laura Rodriguez,Home Office,United States,Phoenix,Arizona,17328,West,FUR-TA-9667792,Furniture,Tables,Bretford Table,3496.63,7,0.15,55.33
244,US-2023-100110,2023-08-10,2023-08-12,Same Day,EMROD-12786,Emily Rodriguez,Consumer,United States,Atlanta,Georgia,63840,South,TEC-AC-9569884,Technology,Accessories,Logitech Accessorie,6937.05,5,0,2643.4
245,US-2024-100135,2024-01-30,2024-02-03,Second Class,ANJON-10839,Anna Jones,Home Office,United States,Norfolk,Virginia,29603,East,TEC-PH-8983760,Technology,Phones,Apple Phone,8205.73,10,0,3463.17
246,US-2024-100136,2024-11-06,2024-11-12,Second Class,JAJON-13063,James Jones,Consumer,United States,Reno,Nevada,58546,West,FUR-FU-9088689,Furniture,Furnishings,Eldon Furnishing,2190.22,7,0,706.02
247,US-2023-100111,2023-09-18,2023-09-18,Same Day,EMJOH-14428,Emily Johnson,Consumer,United States,Eugene,Oregon,43791,West,FUR-BO-1119354,Furniture,Bookcases,O'Sullivan Bookcase,4419.05,10,0.1,634.88
248,US-2023-100112,2023-11-20,2023-11-21,Same Day,JOGAR-13462,John Garcia,Corporate,United States,Worcester,Massachusetts,44249,East,TEC-CO-5623138,Technology,Copiers,HP Copier,8305.45,7,0.4,-30.03
249,US-2024-100137,2024-07-26,2024-07-27,Same Day,WIJOH-11876,William Johnson,Consumer,United States,Detroit,Michigan,96413,Central,FUR-CH-3714471,Furniture,Chairs,Global Chair,421.69,2,0.5,-98.76
250,US-2024-100138,2024-12-01,2024-12-07,Standard Class,ROTHO-14780,Robert Thomas,Corporate,United States,Los Angeles,California,71822,West,TEC-CO-2075091,Technology,Copiers,Canon Copier,523.73,5,0.3,-67.67
251,US-2024-100139,2024-02-15,2024-02-19,First Class,MIJAC-10566,Michael Jackson,Home Office,United States,Spokane,Washington,67536,West,FUR-CH-9693169,Furniture,Chairs,Bevis Chair,980.3,5,0.1,162.18
252,US-2024-100140,2024-11-21,2024-11-28,Standard Class,KAGAR-13032,Karen Garcia,Corporate,United States,Seattle,Washington,46167,West,OFF-EN-7802338,Office Supplies,Envelopes,Kraft Envelope,47.98,10,0,13.68
253,US-2024-100141,2024-07-26,2024-07-29,First Class,SUAND-13469,Susan Anderson,Corporate,United States,Chicago,Illinois,69606,Central,OFF-LA-3936596,Office Supplies,Labels,Smead Label,478.52,7,0.2,-16.32
254,US-2024-100142,2024-06-09,2024-06-13,First Class,SUAND-13469,Susan Anderson,Corporate,United States,Ann Arbor,Michigan,83815,Central,OFF-BI-8698199,Office Supplies,Binders,Wilson Jones Binder,830.85,8,0.15,232.42
255,US-2024-100143,2024-10-10,2024-10-16,Second Class,EMDAV-11840,Emily Davis,Consumer,United States,Jersey City,New Jersey,56281,East,TEC-PH-5418274,Technology,Phones,Nokia Phone,4542.97,4,0.2,1032.12
256,US-2023-100113,2023-07-02,2023-07-03,Same Day,NATAY-13758,Nancy Taylor,Consumer,United States,Norfolk,Virginia,33957,East,TEC-AC-4349848,Technology,Accessories,Belkin Accessorie,1399.32,4,0.1,139.26
257,US-2024-100144,2024-09-25,2024-09-27,First Class,ROJAC-11755,Robert Jackson,Home Office,United States,Los Angeles,California,98580,West,TEC-CO-1709057,Technology,Copiers,Canon Copier,10818.21,8,0.15,1652.57
258,US-2024-100145,2024-06-07,2024-06-10,First Class,EMTAY-12277,Emily Taylor,Corporate,United States,Albany,New York,65466,East,OFF-LA-7605473,Office Supplies,Labels,Smead Label,51.25,3,0.2,2.22
259,US-2023-100114,2023-01-13,2023-01-18,Second Class,SADAV-14647,Sarah Davis,Consumer,United States,Eugene,Oregon,90318,West,OFF-ST-4978534,Office Supplies,Storage,Fellowes Storage,373.65,5,0.4,-28.84
260,US-2024-100146,2024-03-05,2024-03-08,First Class,DAWIL-10895,Daniel Wilson,Consumer,United States,Raleigh,North Carolina,33578,South,TEC-AC-2675536,Technology,Accessories,Logitech Accessorie,6458.24,5,0.1,1977.82
261,US-2023-100115,2023-06-03,2023-06-03,Same Day,DAWIL-14522,Daniel Williams,Corporate,United States,Nashville,Tennessee,92660,South,TEC-MA-6033738,Technology,Machines,Brother Machine,3138.41,5,0,1355.76
262,US-2023-100116,2023-09-18,2023-09-20,Same Day,JOGAR-13462,John Garcia,Corporate,United States,Raleigh,North Carolina,57312,South,OFF-AR-1332781,Office Supplies,Art,Bostitch Art,731.37,7,0.1,129.41
263,US-2024-100147,2024-10-27,2024-11-01,Second Class,NATAY-13758,Nancy Taylor,Consumer,United States,St. Paul,Minnesota,68580,Central,FUR-FU-5807067,Furniture,Furnishings,Advantus Furnishing,4190.27,8,0.2,517.31
264,US-2024-100148,2024-09-19,2024-09-19,Same Day,ANMOO-14827,Anna Moore,Corporate,United States,Newark,New Jersey,51088,East,OFF-AR-7634639,Office Supplies,Art,Bostitch Art,471.87,5,0.5,-160.27
265,US-2024-100149,2024-02-28,2024-03-03,Second Class,DAWIL-10895,Daniel Wilson,Consumer,United States,Seattle,Washington,96772,West,OFF-PA-3800292,Office Supplies,Paper,Xerox Paper,73.25,7,0.5,-4.85
266,US-2024-100150,2024-02-11,2024-02-17,Standard Class,JAROD-10584,James Rodriguez,Home Office,United States,Albany,New York,61097,East,OFF-BI-5767670,Office Supplies,Binders,GBC Binder,146.88,8,0,64.55
267,US-2024-100151,2024-01-01,2024-01-04,First Class,MAROD-14532,Mark Rodriguez,Consumer,United States,St. Paul,Minnesota,27709,Central,TEC-AC-8297709,Technology,Accessories,Belkin Accessorie,12311.45,9,0.4,-1377.66
268,US-2023-100117,2023-04-02,2023-04-03,Same Day,ROJON-12020,Robert Jones,Home Office,United States,Charlotte,North Carolina,49789,South,FUR-BO-3286742,Furniture,Bookcases,O'Sullivan Bookcase,1590.43,6,0.4,-372.3
269,US-2024-100152,2024-05-03,2024-05-05,First Class,ROJAC-11755,Robert Jackson,Home Office,United States,Charlotte,North Carolina,10946,South,TEC-MA-7907781,Technology,Machines,Canon Machine,9779.94,9,0.3,-963.6
270,US-2023-100118,2023-08-14,2023-08-16,First Class,DAGAR-13458,David Garcia,Home Office,United States,Norfolk,Virginia,47313,East,TEC-MA-4154127,Technology,Machines,Brother Machine,1946.99,2,0.4,-61.6
271,US-2024-100153,2024-09-29,2024-09-29,Same Day,WITAY-12193,William Taylor,Consumer,United States,Seattle,Washington,80119,West,FUR-CH-5733096,Furniture,Chairs,Hon Chair,718.9,5,0,291.01
272,US-2024-100154,2024-05-20,2024-05-25,Second Class,NAWIL-10385,Nancy Williams,Consumer,United States,Ann Arbor,Michigan,70776,Central,TEC-PH-2345920,Technology,Phones,Samsung Phone,460.52,3,0.4,-2.06
273,US-2023-100119,2023-09-14,2023-09-14,Same Day,ROJON-11763,Robert Jones,Corporate,United States,Worcester,Massachusetts,42396,East,TEC-PH-8731522,Technology,Phones,Apple Phone,1471.19,2,0.15,28.15
274,US-2023-100120,2023-06-12,2023-06-20,Standard Class,MIDAV-11362,Michael Davis,Corporate,United States,Eugene,Oregon,93692,West,OFF-BI-1873883,Office Supplies,Binders,Wilson Jones Binder,122.43,4,0,48.95
275,US-2023-100121,2023-10-10,2023-10-17,Standard Class,DAJAC-11990,David Jackson,Corporate,United States,New York City,New York,86162,East,TEC-CO-7231035,Technology,Copiers,Canon Copier,2089.24,2,0.2,-61.12
276,US-2024-100155,2024-10-02,2024-10-08,Standard Class,NATAY-13758,Nancy Taylor,Consumer,United States,Richmond,Virginia,26492,East,OFF-BI-6827024,Office Supplies,Binders,Wilson Jones Binder,43.99,8,0,16.49
277,US-2023-100122,2023-02-10,2023-02-12,Same Day,MITAY-13126,Michael Taylor,Home Office,United States,St. Paul,Minnesota,34874,Central,TEC-AC-6430463,Technology,Accessories,Belkin Accessorie,11007.9,8,0.5,-1079.91
278,US-2024-100156,2024-06-27,2024-07-02,Second Class,DAROD-14562,Daniel Rodriguez,Consumer,United States,St. Paul,Minnesota,69517,Central,FUR-FU-4112748,Furniture,Furnishings,Advantus Furnishing,514.8,1,0.2,17.35
279,US-2024-100157,2024-11-05,2024-11-05,Same Day,EMMAR-14158,Emily Martinez,Home Office,United States,Birmingham,Alabama,90352,South,OFF-EN-6402667,Office Supplies,Envelopes,Kraft Envelope,160.18,2,0,63.5
280,US-2023-100123,2023-02-02,2023-02-06,Second Class,LITHO-11295,Linda Thomas,Corporate,United States,New York City,New York,84843,East,TEC-CO-9821818,Technology,Copiers,HP Copier,5812.13,10,0,2592.64
281,US-2023-100124,2023-08-02,2023-08-02,Same Day,MAROD-14532,Mark Rodriguez,Consumer,United States,Eugene,Oregon,58374,West,TEC-PH-5459646,Technology,Phones,Nokia Phone,4415.95,9,0.1,273.01
282,US-2023-100125,2023-04-10,2023-04-18,Standard Class,EMTAY-12277,Emily Taylor,Corporate,United States,Atlanta,Georgia,78969,South,TEC-AC-7965641,Technology,Accessories,Logitech Accessorie,2056.03,2,0.3,-236.13
283,US-2023-100126,2023-06-20,2023-06-26,Second Class,KADAV-11133,Karen Davis,Home Office,United States,Springfield,Illinois,56179,Central,OFF-EN-7917972,Office Supplies,Envelopes,Kraft Envelope,285.91,7,0.5,-32.64
284,US-2024-100158,2024-07-17,2024-07-20,First Class,MITAY-13126,Michael Taylor,Home Office,United States,Nashville,Tennessee,14543,South,OFF-LA-6064062,Office Supplies,Labels,Avery Label,28.96,1,0,6.33
285,US-2024-100159,2024-12-07,2024-12-11,First Class,JOROD-14100,John Rodriguez,Consumer,United States,New York City,New York,70341,East,OFF-ST-5445763,Office Supplies,Storage,Iris Storage,193.4,6,0.15,52.69
286,US-2024-100160,2024-02-14,2024-02-20,Second Class,JOMIL-14464,John Miller,Corporate,United States,Detroit,Michigan,73999,Central,TEC-PH-6039762,Technology,Phones,Nokia Phone,163.79,1,0,28.41
287,US-2023-100127,2023-12-09,2023-12-12,First Class,NAWIL-10385,Nancy Williams,Consumer,United States,Seattle,Washington,93084,West,TEC-CO-6113416,Technology,Copiers,Canon Copier,2402.02,9,0.5,-622.92
288,US-2023-100128,2023-06-06,2023-06-14,Standard Class,ANDAV-10058,Anna Davis,Consumer,United States,Nashville,Tennessee,39109,South,OFF-AR-3483236,Office Supplies,Art,Bostitch Art,176.02,3,0.5,-29.88
289,US-2023-100129,2023-03-29,2023-03-31,Same Day,DAGAR-13458,David Garcia,Home Office,United States,Pittsburgh,Pennsylvania,83308,East,FUR-FU-4290000,Furniture,Furnishings,Tenex Furnishing,4607.98,9,0,1705.52
290,US-2024-100161,2024-03-16,2024-03-20,First Class,MIDAV-11362,Michael Davis,Corporate,United States,San Diego,California,64209,West,OFF-EN-4195887,Office Supplies,Envelopes,Kraft Envelope,478.1,6,0,73.49
291,US-2024-100162,2024-09-23,2024-09-25,Same Day,KAAND-14945,Karen Anderson,Corporate,United States,Miami,Florida,36173,South,TEC-MA-2439727,Technology,Machines,Canon Machine,1900.91,2,0,359.98
292,US-2023-100130,2023-10-22,2023-10-29,Standard Class,EMDAV-11840,Emily Davis,Consumer,United States,Eugene,Oregon,71759,West,FUR-TA-4554677,Furniture,Tables,Bretford Table,1839.27,4,0,444.14
293,US-2024-100163,2024-11-15,2024-11-22,Standard Class,SADAV-14647,Sarah Davis,Consumer,United States,Portland,Oregon,17878,West,OFF-BI-1890622,Office Supplies,Binders,Wilson Jones Binder,31.8,8,0.15,3.22
294,US-2024-100164,2024-11-06,2024-11-08,First Class,ANJON-10839,Anna Jones,Home Office,United States,Detroit,Michigan,59899,Central,TEC-PH-9131281,Technology,Phones,Samsung Phone,7759.44,10,0.4,-917.21
295,US-2024-100165,2024-12-30,2025-01-05,Standard Class,KAGAR-13032,Karen Garcia,Corporate,United States,Cleveland,Ohio,61563,Central,TEC-AC-6818001,Technology,Accessories,Logitech Accessorie,8965.15,6,0.5,-1190.24
296,US-2023-100131,2023-03-05,2023-03-08,First Class,DATHO-11503,David Thomas,Corporate,United States,Tucson,Arizona,39567,West,FUR-TA-3302852,Furniture,Tables,Lesro Table,1194.83,2,0.1,268.6
297,US-2024-100166,2024-08-09,2024-08-14,Second Class,WIJOH-11876,William Johnson,Consumer,United States,Detroit,Michigan,37100,Central,TEC-AC-3317095,Technology,Accessories,Logitech Accessorie,6844.33,5,0.3,-1017.79
298,US-2023-100132,2023-05-29,2023-06-03,Second Class,JOMIL-14464,John Miller,Corporate,United States,Spokane,Washington,29073,West,TEC-PH-7946441,Technology,Phones,Samsung Phone,8690.24,7,0.15,2210.91
299,US-2023-100133,2023-07-12,2023-07-18,Standard Class,DAWIL-14522,Daniel Williams,Corporate,United States,Tucson,Arizona,89377,West,TEC-AC-4874066,Technology,Accessories,Logitech Accessorie,741.07,1,0.5,-225.17
300,US-2024-100167,2024-04-25,2024-04-27,First Class,DAWIL-10895,Daniel Wilson,Consumer,United States,Memphis,Tennessee,28024,South,FUR-CH-1540722,Furniture,Chairs,Hon Chair,4363.83,7,0.3,363.22
301,US-2024-100168,2024-11-18,2024-11-22,Second Class,JOMIL-14464,John Miller,Corporate,United States,Worcester,Massachusetts,52584,East,OFF-BI-7792537,Office Supplies,Binders,Wilson Jones Binder,99.45,1,0.3,-3.33
302,US-2024-100169,2024-08-08,2024-08-16,Standard Class,JOGAR-13462,John Garcia,Corporate,United States,Nashville,Tennessee,42207,South,TEC-CO-7499457,Technology,Copiers,Canon Copier,2927.55,9,0.4,-203.21
303,US-2023-100134,2023-11-08,2023-11-11,First Class,SAMOO-14392,Sarah Moore,Consumer,United States,Charlotte,North Carolina,77760,South,FUR-FU-8578236,Furniture,Furnishings,Advantus Furnishing,1183.97,2,0.5,-107.26
304,US-2024-100170,2024-02-28,2024-03-02,First Class,ANJON-10839,Anna Jones,Home Office,United States,Boston,Massachusetts,69596,East,FUR-TA-3751363,Furniture,Tables,Lesro Table,236.79,2,0,69.35
305,US-2024-100171,2024-01-29,2024-02-03,Second Class,JOWIL-14002,John Wilson,Consumer,United States,Miami,Florida,53934,South,TEC-AC-3426109,Technology,Accessories,Logitech Accessorie,1490.07,3,0.4,-54.59
306,US-2023-100135,2023-07-05,2023-07-11,Standard Class,KAMIL-10569,Karen Miller,Consumer,United States,Tucson,Arizona,11600,West,OFF-SU-1096478,Office Supplies,Supplies,Staple Supplie,308.32,10,0.4,-26.55
307,US-2024-100172,2024-03-28,2024-04-05,Standard Class,MIJAC-10566,Michael Jackson,Home Office,United States,Spokane,Washington,91233,West,TEC-AC-4101100,Technology,Accessories,Logitech Accessorie,782.38,3,0,195.52
308,US-2024-100173,2024-09-09,2024-09-12,First Class,EMJOH-14428,Emily Johnson,Consumer,United States,Los Angeles,California,64651,West,FUR-CH-5771113,Furniture,Chairs,Bevis Chair,5456.93,10,0.5,-563.3
309,US-2024-100174,2024-04-11,2024-04-13,First Class,ANMOO-14827,Anna Moore,Corporate,United States,Cleveland,Ohio,59668,Central,FUR-FU-2089275,Furniture,Furnishings,Advantus Furnishing,2015.56,5,0.2,185.2
310,US-2024-100175,2024-06-21,2024-06-27,Second Class,ANMAR-10653,Anna Martinez,Consumer,United States,San Diego,California,92441,West,TEC-PH-5818203,Technology,Phones,Samsung Phone,5682.72,7,0.2,-159.86
311,US-2024-100176,2024-09-21,2024-09-23,Same Day,ANDAV-10058,Anna Davis,Consumer,United States,Nashville,Tennessee,89876,South,FUR-TA-1026523,Furniture,Tables,Bretford Table,135.98,2,0.1,14.98
312,US-2024-100177,2024-02-29,2024-02-29,Same Day,JAWIL-11741,James Wilson,Home Office,United States,Minneapolis,Minnesota,11480,Central,TEC-AC-5268417,Technology,Accessories,Belkin Accessorie,1039.38,2,0,432.23
313,US-2023-100136,2023-12-08,2023-12-11,First Class,ANDAV-10058,Anna Davis,Consumer,United States,Seattle,Washington,53321,West,OFF-SU-1596568,Office Supplies,Supplies,Staple Supplie,229.15,3,0.5,-73.05
314,US-2024-100178,2024-04-18,2024-04-20,Same Day,MIMIL-11905,Michael Miller,Home Office,United States,St. Paul,Minnesota,82768,Central,TEC-PH-6565326,Technology,Phones,Apple Phone,7614.43,6,0.2,-343.3
315,US-2024-100179,2024-10-03,2024-10-09,Second Class,MIJAC-10566,Michael Jackson,Home Office,United States,Atlanta,Georgia,50407,South,TEC-MA-5554970,Technology,Machines,Canon Machine,4121.57,7,0.15,969.22
316,US-2023-100137,2023-11-06,2023-11-10,Second Class,ROJON-12020,Robert Jones,Home Office,United States,Seattle,Washington,68166,West,TEC-PH-9389519,Technology,Phones,Samsung Phone,3336.12,3,0.5,-477.42
317,US-2023-100138,2023-12-02,2023-12-06,Second Class,SUAND-13469,Susan Anderson,Corporate,United States,Philadelphia,Pennsylvania,70210,East,OFF-PA-6217400,Office Supplies,Paper,Xerox Paper,72.53,1,0.4,-15.72
318,US-2023-100139,2023-04-16,2023-04-18,First Class,EMAND-12519,Emily Anderson,Consumer,United States,Springfield,Illinois,36287,Central,FUR-TA-9930106,Furniture,Tables,Lesro Table,3777.54,6,0,1389.79
319,US-2023-100140,2023-01-16,2023-01-22,Standard Class,JAJON-13063,James Jones,Consumer,United States,St. Paul,Minnesota,45527,Central,FUR-TA-5107483,Furniture,Tables,Chromcraft Table,310.3,3,0.4,10.79
320,US-2023-100141,2023-01-30,2023-02-01,Same Day,MIMIL-11905,Michael Miller,Home Office,United States,Las Vegas,Nevada,21287,West,OFF-FA-8479891,Office Supplies,Fasteners,OIC Fastener,418.83,10,0.5,-30.81
321,US-2024-100180,2024-04-21,2024-04-25,Second Class,SUAND-13469,Susan Anderson,Corporate,United States,Orlando,Florida,50683,South,TEC-CO-4887183,Technology,Copiers,HP Copier,1696.71,4,0.2,224.61
322,US-2024-100181,2024-12-17,2024-12-20,First Class,MAROD-14532,Mark Rodriguez,Consumer,United States,Miami,Florida,72303,South,FUR-TA-8738351,Furniture,Tables,Lesro Table,785.08,3,0.5,-63.5
323,US-2023-100142,2023-04-20,2023-04-24,First Class,SUMIL-14417,Susan Miller,Home Office,United States,Eugene,Oregon,62535,West,TEC-CO-5088457,Technology,Copiers,Canon Copier,1312.08,9,0.1,138.85
324,US-2024-100182,2024-08-28,2024-08-29,Same Day,EMAND-12519,Emily Anderson,Consumer,United States,Minneapolis,Minnesota,32686,Central,TEC-PH-9164301,Technology,Phones,Nokia Phone,1709.75,2,0.4,-4.88
325,US-2024-100183,2024-02-20,2024-02-28,Standard Class,JOGAR-13462,John Garcia,Corporate,United States,Raleigh,North Carolina,94540,South,TEC-PH-4650919,Technology,Phones,Apple Phone,2917.18,3,0,650.17
326,US-2024-100184,2024-11-07,2024-11-12,Second Class,JAJON-13063,James Jones,Consumer,United States,Ann Arbor,Michigan,35646,Central,FUR-TA-6109503,Furniture,Tables,Lesro Table,4118.4,7,0,1097.77
327,US-2024-100185,2024-06-06,2024-06-06,Same Day,DAWIL-10895,Daniel Wilson,Consumer,United States,Dallas,Texas,81943,Central,FUR-BO-7027124,Furniture,Bookcases,O'Sullivan Bookcase,1391.87,2,0.3,-52.28
328,US-2024-100186,2024-12-29,2024-12-30,Same Day,ROTHO-14780,Robert Thomas,Corporate,United States,Birmingham,Alabama,96833,South,FUR-FU-4157922,Furniture,Furnishings,Eldon Furnishing,3046.02,9,0,1107.1
329,US-2024-100187,2024-11-17,2024-11-21,Second Class,EMSMI-12253,Emily Smith,Consumer,United States,Los Angeles,California,73792,West,TEC-CO-2420416,Technology,Copiers,Canon Copier,2133.72,3,0.3,-78.89
330,US-2024-100188,2024-04-10,2024-04-12,Same Day,SUAND-13469,Susan Anderson,Corporate,United States,Memphis,Tennessee,39588,South,FUR-FU-1124654,Furniture,Furnishings,Advantus Furnishing,4236.18,10,0.15,748.74
331,US-2024-100189,2024-07-13,2024-07-15,First Class,MITHO-10260,Michael Thomas,Consumer,United States,Charlotte,North Carolina,86056,South,OFF-PA-9831661,Office Supplies,Paper,Xerox Paper,60.77,5,0,22.88
332,US-2024-100190,2024-10-07,2024-10-15,Standard Class,LAROD-14322,Laura Rodriguez,Home Office,United States,Minneapolis,Minnesota,55029,Central,TEC-PH-8617439,Technology,Phones,Samsung Phone,4776.26,9,0.2,-182.33
333,US-2023-100143,2023-10-29,2023-10-31,First Class,MITHO-10260,Michael Thomas,Consumer,United States,St. Paul,Minnesota,18050,Central,TEC-CO-1866037,Technology,Copiers,Canon Copier,2329.41,5,0,959.61
334,US-2023-100144,2023-03-20,2023-03-23,First Class,EMWIL-13112,Emily Williams,Consumer,United States,Cleveland,Ohio,11861,Central,TEC-PH-3929534,Technology,Phones,Nokia Phone,5861.62,10,0,2178.32
335,US-2024-100191,2024-12-18,2024-12-23,Second Class,DAWIL-14522,Daniel Williams,Corporate,United States,Portland,Oregon,29014,West,TEC-AC-7928115,Technology,Accessories,Belkin Accessorie,6821.38,7,0.1,1205.15
336,US-2023-100145,2023-12-20,2023-12-28,Standard Class,JAROD-10584,James Rodriguez,Home Office,United States,Los Angeles,California,70819,West,OFF-SU-8990421,Office Supplies,Supplies,Staple Supplie,746.74,9,0.15,191.51
337,US-2024-100192,2024-03-21,2024-03-28,Standard Class,MIDAV-11362,Michael Davis,Corporate,United States,Memphis,Tennessee,79501,South,TEC-PH-9913623,Technology,Phones,Apple Phone,8286.97,6,0.15,1653.33
338,US-2023-100146,2023-10-01,2023-10-08,Standard Class,SUMIL-14417,Susan Miller,Home Office,United States,Nashville,Tennessee,98065,South,TEC-AC-4018500,Technology,Accessories,Belkin Accessorie,7535.7,6,0,2461.35
339,US-2024-100193,2024-06-21,2024-06-29,Standard Class,MITAY-13126,Michael Taylor,Home Office,United States,Springfield,Illinois,43016,Central,FUR-BO-2542518,Furniture,Bookcases,Bush Bookcase,753.88,1,0,179.1
340,US-2023-100147,2023-05-03,2023-05-11,Standard Class,EMWIL-13112,Emily Williams,Consumer,United States,Birmingham,Alabama,24528,South,TEC-AC-5942041,Technology,Accessories,Belkin Accessorie,5659.95,8,0.15,391.62
341,US-2024-100194,2024-12-09,2024-12-12,First Class,SAMOO-14392,Sarah Moore,Consumer,United States,Portland,Oregon,60174,West,OFF-EN-5332524,Office Supplies,Envelopes,Poly Envelope,55.6,5,0.1,9.28
342,US-2023-100148,2023-07-02,2023-07-02,Same Day,KAAND-14945,Karen Anderson,Corporate,United States,Atlanta,Georgia,67878,South,TEC-MA-1584868,Technology,Machines,Canon Machine,2353.99,2,0,426.18
343,US-2023-100149,2023-06-02,2023-06-08,Standard Class,JAMAR-13268,James Martinez,Home Office,United States,Charlotte,North Carolina,53231,South,OFF-LA-9021848,Office Supplies,Labels,Smead Label,617.04,7,0,177.68
344,US-2023-100150,2023-01-04,2023-01-06,Same Day,SUAND-13469,Susan Anderson,Corporate,United States,Tampa,Florida,80163,South,OFF-EN-7721201,Office Supplies,Envelopes,Kraft Envelope,115.18,1,0.5,-35.25
345,US-2023-100151,2023-12-15,2023-12-22,Standard Class,WIWIL-14211,William Williams,Consumer,United States,Chicago,Illinois,82676,Central,FUR-FU-4204501,Furniture,Furnishings,Advantus Furnishing,2859.56,5,0.2,297.53
346,US-2024-100195,2024-10-09,2024-10-11,Same Day,KAMIL-10569,Karen Miller,Consumer,United States,New York City,New York,13324,East,TEC-AC-7522436,Technology,Accessories,Belkin Accessorie,1549.08,2,0.4,-371.74
347,US-2023-100152,2023-01-17,2023-01-24,Standard Class,MIMIL-11905,Michael Miller,Home Office,United States,Dallas,Texas,25491,Central,FUR-FU-3499027,Furniture,Furnishings,Advantus Furnishing,2247.39,10,0.4,-328.45
348,US-2024-100196,2024-04-27,2024-05-03,Standard Class,EMDAV-11840,Emily Davis,Consumer,United States,New York City,New York,92924,East,FUR-TA-8653507,Furniture,Tables,Bretford Table,1780.17,10,0,740.1
349,US-2024-100197,2024-09-01,2024-09-05,Second Class,SUMIL-10772,Susan Miller,Consumer,United States,Worcester,Massachusetts,98918,East,OFF-EN-3304005,Office Supplies,Envelopes,Poly Envelope,574.76,6,0,200.79
350,US-2023-100153,2023-05-04,2023-05-06,First Class,WIWIL-14211,William Williams,Consumer,United States,Savannah,Georgia,82536,South,FUR-FU-1682814,Furniture,Furnishings,Eldon Furnishing,374.93,3,0,166.96
